Category,Message
social_media,digital ritual experience creation cross cultural ceremony design join virtualrituals space anthropological framework
social_media,memories from this week in 2021 45 friends checked in at downtown cafe see photos and menu social com places cafe
social_media,news mike chen started new position group update hiking buddies posted article trending in startup founders best summer destination
social_media,nearby meetup today 8pm view profile social com profile john123 accept reject social com friends pending
social_media,nearby product launch today 9am story from paris received 234 likes and 67 comments see insights social com insights post123
social_media,event invitation workshop oct 10 view profile platform com users sarah accept reject social com friends pending
social_media,new event product launch article from sydney received 875 likes and 12 comments see insights social com insights post123
social_media,john smith liked your article group photography group invited you rsvp platform com events workshop
social_media,8 new messages in tech enthusiasts chat group update hiking buddies posted story trending in remote workers favorite tech tools
social_media,5th anniversary on linkedin group photography group invited you rsvp social com events meetup
social_media,new event product launch college reunion photos view album social com albums vacation2018
social_media,new event workshop your group photography group is live streaming join social com live conference
social_media,new follower david kim photo from paris received 875 likes and 44 comments see insights platform com analytics content
social_media,popular near you new cafe opening 12 friends checked in at central perk see photos and menu social com places central perk
social_media,1st anniversary on twitter article from paris received 234 likes and 67 comments see insights platform com analytics content
social_media,live now workshop keynote 23 friends checked in at central perk see photos and menu social com places cafe
social_media,popular near you webinar mike check this out david weather looks great reply platform com messages group
social_media,1st anniversary on linkedin you were at grand canyon with alex view album platform com memories beach
social_media,event reminder book club tonight 8pm discussing project hail mary join zoom socialevents com virtual book club 238
social_media,live now workshop keynote view profile social com profile john123 accept reject social com friends pending
social_media,nearby meetup today 6pm great insight view social com notifications reply or disable platform com notifications
social_media,news from groups you follow group book club invited you rsvp platform com events workshop
social_media,synesthesia perception mapping project share cross sensory experiences research perceptual studies org neurological diversity
social_media,news david kim started new position your group photography group is live streaming join social com live conference
social_media,event invitation workshop aug 25 article from paris received 678 likes and 12 comments see insights platform com analytics content
social_media,platform evolution major feature enhancements based on your feedback we ve launched revolutionary updates 1 collaborative whiteboard spaces 2 4k hdr video streaming 3 smart content curation ai explore new features platformupdates com october release version 9 0 temporary legacy interface available until december 1 notable improvements 60 faster loading enhanced accessibility compliance and cross platform synchronization premium members receive early access to experimental features opt in through settings report bugs via in app feedback system with priority routing
social_media,poll vote for weekend plans beach vacation with family view album platform com memories beach
social_media,news sarah johnson started new position group update photography group posted video trending in startup founders weekend plans
social_media,15 new messages in tech enthusiasts chat group update hiking buddies posted photo trending in remote workers weekend plans
social_media,23 new messages in book club chat thanks for sharing view social com notifications reply or disable platform com notifications
social_media,watch later recommended article 15 friends checked in at tech hub see photos and menu platform com locations venue
social_media,watch later recommended post your group hiking buddies is live streaming join platform com streaming event
social_media,45 new messages in hiking buddies chat group book club invited you rsvp platform com events workshop
social_media,poll vote for best summer destination your group travel lovers new poll santorini vs bali vs costa rica vote social com polls 1094
social_media,new follower lisa rodriguez article from london received 678 likes and 12 comments see insights platform com analytics content
social_media,3rd anniversary on instagram see which post platform com content video456 comments thanks for sharing disable notifications social com settings
social_media,memories from this week in 2022 view profile social com profile john123 accept reject platform com requests
social_media,new friend request from david kim group tech enthusiasts invited you rsvp social com events meetup
social_media,nearby meetup today 6pm see which video social com posts photo123 comments great insight disable notifications platform com notifications
social_media,live now workshop keynote group update photography group posted photo trending in digital artists favorite tech tools
social_media,your post is featured on workoutmotivation group photography group invited you rsvp social com events meetup
social_media,new follower mike chen view profile social com profile john123 accept reject social com friends pending
social_media,live alert webinar behind the scenes your group photography group is live streaming join social com live conference
social_media,personalized content digest top industry insights your weekly digest features curated content matching your professional interests 1 trending analysis on ai regulations 2 exclusive interview with tech pioneer sarah chen 3 emerging career opportunities in your network dive deeper into each topic content digest com personalized 4479 save articles to your private knowledge repository the algorithm has prioritized content driving engagement among peers with similar expertise adjust preference settings to refine future recommendations share noteworthy items to establish thought leadership
social_media,new follower john smith college reunion photos view album platform com memories beach
social_media,poll vote for best summer destination thanks for sharing view social com profile user123 reply or disable platform com notifications
social_media,45 new messages in photography group chat your group hiking buddies is live streaming join platform com streaming event
social_media,your post got 23 new reactions group update book club posted photo trending in digital artists weekend plans
social_media,memory beach trip 2022 15 photos with lisa mark view social com memories beach2022
social_media,memories from this week in 2021 your group hiking buddies is live streaming join social com live conference
social_media,new friend request from mike chen view profile social com profile john123 accept reject social com friends pending
social_media,john smith mentioned you in a comment 8 friends checked in at central perk see photos and menu platform com locations venue
social_media,live now meetup keynote group update book club posted post trending in startup founders best summer destination
social_media,nearby workshop today 6pm so inspiring view social com notifications reply or disable platform com notifications
social_media,sarah johnson liked your post love this view social com events event456 reply or disable platform com notifications
social_media,23 new messages in tech enthusiasts chat view profile social com profile john123 accept reject platform com requests
social_media,new follower john smith sarah anyone free this weekend emily weather looks great reply platform com messages group
social_media,ar filter creation workshop live on spatialchat build custom instagram filters join now spatial chat event filter workshop requires spark ar studio
social_media,nearby workshop today 9am group update tech enthusiasts posted article trending in digital artists favorite tech tools
social_media,mike chen liked your post group tech enthusiasts invited you rsvp social com events meetup
social_media,live alert meetup behind the scenes group update hiking buddies posted article trending in startup founders weekend plans
social_media,news from groups you follow group photography group invited you rsvp social com events meetup
social_media,10th anniversary on social platform your group tech enthusiasts is live streaming join social com live conference
social_media,new follower lisa rodriguez see which photo platform com content video456 comments great insight disable notifications social com settings
social_media,nearby webinar today 8pm view profile platform com users sarah accept reject platform com requests
social_media,1st anniversary on linkedin group book club invited you rsvp platform com events workshop
social_media,popular near you workshop thanks for sharing view social com notifications reply or disable platform com notifications
social_media,nearby meetup today 9am view profile social com profile john123 accept reject platform com requests
social_media,new follower tech journalist writer at techreview follow back social com profile journalist88
social_media,new event tech conference group update book club posted article trending in digital artists weekend plans
social_media,birthday reminder 15 friends today view profile platform com users sarah accept reject platform com requests
social_media,nearby meetup today 9am you were at grand canyon with alex view album social com albums vacation2018
social_media,live alert product launch behind the scenes love this view social com profile user123 reply or disable platform com notifications
social_media,popular near you tech conference sarah check this out emily amazing post reply platform com messages group
social_media,new friend request from sarah johnson 45 friends checked in at tech hub see photos and menu platform com locations venue
social_media,5th anniversary on linkedin your group hiking buddies is live streaming join platform com streaming event
social_media,23 new messages in book club chat article from new york received 678 likes and 89 comments see insights social com insights post123
social_media,event photos uploaded conference 2024 128 new photos tagged browse social com events conference2024 photos
social_media,news david kim started new position so inspiring view social com events event456 reply or disable platform com notifications
social_media,your post got 45 new reactions 15 friends checked in at central perk see photos and menu social com places cafe
social_media,poll vote for favorite tech tools see which article social com posts photo123 comments love this disable notifications platform com notifications
social_media,your post is featured on traveldiaries article from tokyo received 234 likes and 89 comments see insights social com insights post123
social_media,lisa rodriguez mentioned you in a comment see which photo social com posts photo123 comments love this disable notifications platform com notifications
social_media,poll vote for favorite tech tools group photography group invited you rsvp platform com events workshop
social_media,memories from this week in 2018 great insight view social com events event456 reply or disable platform com notifications
social_media,news from groups you follow 23 friends checked in at tech hub see photos and menu social com places cafe
social_media,poll vote for best summer destination group update book club posted photo trending in remote workers best summer destination
social_media,live now workshop keynote you were at grand canyon with alex view album platform com memories beach
social_media,event invitation tech conference sep 15 photo from tokyo received 156 likes and 23 comments see insights social com insights post123
social_media,your post is featured on techtips your group photography group is live streaming join platform com streaming event
social_media,new friend request from sarah johnson beach vacation with family view album platform com memories beach
social_media,popular near you product launch great insight view social com notifications reply or disable social com settings
social_media,sarah johnson liked your story your group photography group is live streaming join social com live conference
social_media,your post is featured on traveldiaries view profile social com profile john123 accept reject social com friends pending
social_media,john smith liked your article group update hiking buddies posted photo trending in remote workers favorite tech tools
social_media,popular near you meetup group photography group invited you rsvp social com events meetup
social_media,birthday reminder 23 friends this week beach vacation with family view album social com albums vacation2018
social_media,watch later recommended photo group update hiking buddies posted video trending in digital artists weekend plans
social_media,birthday reminder 12 friends this week article from london received 678 likes and 44 comments see insights social com insights post123
social_media,poll live best productivity tools vote in remote workers group social com polls productivity772
social_media,popular near you meetup beach vacation with family view album platform com memories beach
social_media,david kim liked your video so inspiring view social com profile user123 reply or disable platform com notifications
social_media,watch later recommended video post from london received 875 likes and 44 comments see insights social com insights post123
social_media,nearby workshop today 8pm view profile social com profile john123 accept reject social com friends pending
social_media,poll vote for best summer destination beach vacation with family view album platform com memories beach
social_media,live now webinar keynote your group photography group is live streaming join platform com streaming event
social_media,new friend request from lisa rodriguez alex great event today lisa amazing post reply social com chats hiking
social_media,poll vote for best summer destination view profile social com profile john123 accept reject social com friends pending
social_media,new follower sarah johnson 15 friends checked in at downtown cafe see photos and menu social com places cafe
social_media,15 new messages in tech enthusiasts chat sarah check this out emily amazing post reply platform com messages group
social_media,group invitation ai developers join 8k members accept social com groups ai developers invite
social_media,poll vote for favorite tech tools mike great event today david count me in reply social com chats hiking
social_media,3rd anniversary on instagram your group book club is live streaming join social com live conference
social_media,memories from this week in 2018 post from paris received 678 likes and 67 comments see insights platform com analytics content
social_media,your post is featured on techtips 45 friends checked in at downtown cafe see photos and menu platform com locations venue
social_media,live now tech conference keynote group book club invited you rsvp platform com events workshop
social_media,live now workshop keynote so inspiring view social com events event456 reply or disable platform com notifications
social_media,brand mentioned you best customer photo respond social com mentions brand3344
social_media,memories from this week in 2021 great insight view social com events event456 reply or disable platform com notifications
social_media,memories from this week in 2018 see which photo platform com content video456 comments love this disable notifications platform com notifications
social_media,historical photo colorization contest colorize ww2 images using ai tools submit heritagephotocolor org contest deadline 10 31 technical specs
social_media,event invitation workshop oct 10 you were at grand canyon with alex view album social com albums vacation2018
social_media,live alert webinar behind the scenes love this view social com profile user123 reply or disable social com settings
social_media,event invitation meetup sep 15 thanks for sharing view social com events event456 reply or disable platform com notifications
social_media,popular near you tech conference alex great event today lisa count me in reply social com chats hiking
social_media,live alert webinar behind the scenes see which article platform com content video456 comments thanks for sharing disable notifications social com settings
social_media,new friend request from mike chen photo from london received 156 likes and 44 comments see insights social com insights post123
social_media,1st anniversary on linkedin sarah great event today david weather looks great reply social com chats hiking
social_media,poll vote for favorite tech tools 23 friends checked in at central perk see photos and menu platform com locations venue
social_media,nearby webinar today 8pm view profile platform com users sarah accept reject social com friends pending
social_media,john smith mentioned you in a comment 23 friends checked in at downtown cafe see photos and menu social com places cafe
social_media,live now tech conference keynote group hiking buddies invited you rsvp platform com events workshop
social_media,new event tech conference post from paris received 875 likes and 67 comments see insights social com insights post123
social_media,10th anniversary on twitter video from new york received 156 likes and 44 comments see insights social com insights post123
social_media,23 new messages in book club chat your group book club is live streaming join platform com streaming event
social_media,live now meetup keynote 12 friends checked in at tech hub see photos and menu social com places cafe
social_media,event invitation meetup sep 15 story from london received 442 likes and 44 comments see insights platform com analytics content
social_media,live alert webinar behind the scenes group photography group invited you rsvp social com events meetup
social_media,new friend request from lisa rodriguez group book club invited you rsvp social com events meetup
social_media,your post got 23 new reactions group update book club posted photo trending in digital artists favorite tech tools
social_media,new friend request from john smith beach vacation with family view album social com albums vacation2018
social_media,news lisa rodriguez started new position group update photography group posted article trending in remote workers best summer destination
social_media,popular near you webinar article from new york received 875 likes and 23 comments see insights platform com analytics content
social_media,poll vote for favorite tech tools 15 friends checked in at downtown cafe see photos and menu platform com locations venue
social_media,new follower mike chen 12 friends checked in at downtown cafe see photos and menu social com places cafe
social_media,news from groups you follow group update tech enthusiasts posted article trending in startup founders weekend plans
social_media,birthday reminder 15 friends this week your group hiking buddies is live streaming join social com live conference
social_media,poll vote for favorite tech tools video from new york received 156 likes and 12 comments see insights social com insights post123
social_media,news from groups you follow sarah check this out david count me in reply platform com messages group
social_media,new event in photography enthusiasts night photography workshop on aug 30 rsvp social com events night photo
social_media,nearby tech conference today 6pm see which article social com posts photo123 comments great insight disable notifications platform com notifications
social_media,1st anniversary on social platform your group book club is live streaming join social com live conference
social_media,watch later recommended post beach vacation with family view album platform com memories beach
social_media,poll vote for favorite tech tools mike anyone free this weekend lisa count me in reply social com chats hiking
social_media,new event webinar thanks for sharing view social com notifications reply or disable platform com notifications
social_media,popular near you tech conference 23 friends checked in at tech hub see photos and menu platform com locations venue
social_media,poll vote for best summer destination college reunion photos view album platform com memories beach
social_media,news from groups you follow your group book club is live streaming join platform com streaming event
social_media,new friend request from lisa rodriguez see which story social com posts photo123 comments thanks for sharing disable notifications platform com notifications
social_media,nearby meetup today 9am view profile platform com users sarah accept reject platform com requests
social_media,live now tech conference keynote view profile social com profile john123 accept reject social com friends pending
social_media,your post got 15 new reactions post from new york received 156 likes and 44 comments see insights social com insights post123
social_media,new follower mike chen alex check this out lisa amazing post reply platform com messages group
social_media,nearby workshop today 5pm see which post platform com content video456 comments great insight disable notifications social com settings
social_media,new follower mike chen group update photography group posted post trending in startup founders weekend plans
social_media,new event meetup love this view social com profile user123 reply or disable social com settings
social_media,event invitation meetup aug 25 15 friends checked in at downtown cafe see photos and menu social com places cafe
social_media,news john smith started new position your group photography group is live streaming join social com live conference
social_media,event invitation product launch aug 25 15 friends checked in at central perk see photos and menu social com places cafe
social_media,15 new messages in photography group chat article from paris received 234 likes and 12 comments see insights social com insights post123
social_media,popular near you tech conference group update photography group posted video trending in digital artists best summer destination
social_media,live now webinar keynote great insight view social com notifications reply or disable platform com notifications
social_media,news david kim started new position college reunion photos view album social com albums vacation2018
social_media,23 new messages in book club chat sarah check this out david count me in reply social com chats hiking
social_media,suggested post industry report 2024 market trends shared by influencer engage social com posts trend report882
social_media,live now webinar keynote your group hiking buddies is live streaming join social com live conference
social_media,poll vote for best summer destination college reunion photos view album social com albums vacation2018
social_media,lisa rodriguez liked your video group update tech enthusiasts posted article trending in digital artists weekend plans
social_media,news from groups you follow so inspiring view social com profile user123 reply or disable platform com notifications
social_media,memetic art contest 15k prize viral culture remix competition theme digital nostalgia submit memeart gallery creative commons
social_media,new friend request from lisa rodriguez group hiking buddies invited you rsvp social com events meetup
social_media,new event webinar view profile social com profile john123 accept reject social com friends pending
social_media,sarah johnson liked your photo beach vacation with family view album platform com memories beach
social_media,sarah johnson mentioned you in a comment thanks for sharing view social com events event456 reply or disable platform com notifications
social_media,live alert meetup behind the scenes love this view social com profile user123 reply or disable platform com notifications
social_media,new follower david kim view profile social com profile john123 accept reject platform com requests
social_media,new event product launch group update tech enthusiasts posted article trending in remote workers weekend plans
social_media,nearby workshop today 9am college reunion photos view album social com albums vacation2018
social_media,event invitation workshop sep 15 video from new york received 234 likes and 67 comments see insights platform com analytics content
social_media,your post got 15 new reactions sarah anyone free this weekend lisa weather looks great reply platform com messages group
social_media,lisa rodriguez liked your story alex anyone free this weekend emily amazing post reply platform com messages group
social_media,your post got 15 new reactions so inspiring view social com profile user123 reply or disable platform com notifications
social_media,brand collaboration opportunity outdoor gear co wants to feature your hiking content proposal details social com collaborations outdoor gear 3344 response deadline sep 20 estimated reach 250k followers
social_media,john smith liked your article 8 friends checked in at tech hub see photos and menu social com places cafe
social_media,10th anniversary on social platform 45 friends checked in at tech hub see photos and menu platform com locations venue
social_media,nearby webinar today 5pm see which post social com posts photo123 comments love this disable notifications platform com notifications
social_media,popular near you meetup alex anyone free this weekend emily count me in reply platform com messages group
social_media,post performance 200 impressions your article on leadership reached new audiences insights social com analytics post882
social_media,popular near you meetup group book club invited you rsvp social com events meetup
social_media,new event webinar group update tech enthusiasts posted photo trending in startup founders best summer destination
social_media,birthday reminder 12 friends next week post from tokyo received 678 likes and 23 comments see insights social com insights post123
social_media,live alert tech conference behind the scenes your group book club is live streaming join social com live conference
social_media,social audio transcription archive convert voice rooms to searchable texts join audio linguistics project org privacy first
social_media,david kim liked your photo view profile social com profile john123 accept reject platform com requests
social_media,sarah johnson mentioned you in a comment 23 friends checked in at downtown cafe see photos and menu platform com locations venue
social_media,content featured weekly top 10 list your productivity tips included in top content digest social com digest weekly top10 permanent placement in featured content section traffic analytics show 12k views
social_media,new follower john smith view profile platform com users sarah accept reject social com friends pending
social_media,poll vote for favorite tech tools group update photography group posted story trending in startup founders favorite tech tools
social_media,news from groups you follow story from london received 875 likes and 12 comments see insights social com insights post123
social_media,news mike chen started new position group update tech enthusiasts posted article trending in startup founders favorite tech tools
social_media,new follower sarah johnson group tech enthusiasts invited you rsvp platform com events workshop
social_media,new friend request from mike chen see which photo platform com content video456 comments so inspiring disable notifications platform com notifications
social_media,job opening shared data scientist at startup details social com jobs data scientist 772
social_media,poll vote for favorite tech tools group tech enthusiasts invited you rsvp social com events meetup
social_media,live alert tech conference behind the scenes group update hiking buddies posted post trending in digital artists weekend plans
social_media,new friend request from david kim your group tech enthusiasts is live streaming join platform com streaming event
social_media,popular near you webinar group update book club posted video trending in remote workers weekend plans
social_media,news lisa rodriguez started new position group update tech enthusiasts posted article trending in startup founders weekend plans
social_media,new event webinar beach vacation with family view album platform com memories beach
social_media,nearby meetup today 9am mike check this out david weather looks great reply platform com messages group
social_media,david kim mentioned you in a comment 45 friends checked in at central perk see photos and menu platform com locations venue
social_media,event invitation tech conference aug 25 group tech enthusiasts invited you rsvp social com events meetup
social_media,watch later recommended article great insight view social com notifications reply or disable social com settings
social_media,10th anniversary on instagram college reunion photos view album platform com memories beach
social_media,news from groups you follow thanks for sharing view social com profile user123 reply or disable social com settings
social_media,news sarah johnson started new position sarah check this out david weather looks great reply social com chats hiking
social_media,live now workshop keynote post from sydney received 442 likes and 44 comments see insights social com insights post123
social_media,15 new messages in book club chat see which photo social com posts photo123 comments so inspiring disable notifications social com settings
social_media,weekly digest top content you missed 3 articles 2 videos 5 discussions view social com digest weekly 882
social_media,your friend is live gaming session mike streaming cyberpunk 2077 watch social com live mike gaming
social_media,live now product launch keynote your group photography group is live streaming join social com live conference
social_media,sarah johnson mentioned you in a comment view profile social com profile john123 accept reject platform com requests
social_media,popular near you tech conference so inspiring view social com notifications reply or disable platform com notifications
social_media,nearby webinar today 6pm your group hiking buddies is live streaming join social com live conference
social_media,nearby webinar today 6pm 23 friends checked in at tech hub see photos and menu social com places cafe
social_media,poll vote for favorite tech tools group update photography group posted post trending in startup founders best summer destination
social_media,lisa rodriguez mentioned you in a comment sarah check this out lisa amazing post reply platform com messages group
social_media,generative poetry engine beta test nlp algorithm for verse creation access metricalmuse ai api key required
social_media,your post got 8 new reactions your group hiking buddies is live streaming join social com live conference
social_media,watch later recommended article your group book club is live streaming join platform com streaming event
social_media,connection anniversary 5 years with marketingpro share memory social com connections anniv marketing
social_media,news john smith started new position group update book club posted article trending in startup founders weekend plans
social_media,nearby workshop today 7pm college reunion photos view album platform com memories beach
social_media,sarah johnson mentioned you in a comment college reunion photos view album social com albums vacation2018
social_media,john smith liked your video post from london received 875 likes and 67 comments see insights platform com analytics content
social_media,news sarah johnson started new position article from paris received 442 likes and 67 comments see insights social com insights post123
social_media,poll vote for favorite tech tools your group photography group is live streaming join social com live conference
social_media,comment reply design thread great suggestion view social com threads design 3344 reply 45
social_media,live now workshop keynote group update hiking buddies posted video trending in startup founders best summer destination
social_media,virtual event digital marketing workshop 3 hour intensive workshop sep 20 expert panel includes google ads lead rsvp social com events marketing workshop premium members receive workbook download
social_media,live now product launch keynote group tech enthusiasts invited you rsvp social com events meetup
social_media,your post got 15 new reactions so inspiring view social com notifications reply or disable platform com notifications
social_media,watch later recommended article view profile social com profile john123 accept reject social com friends pending
social_media,your post got 15 new reactions beach vacation with family view album platform com memories beach
social_media,mike chen mentioned you in a comment your group hiking buddies is live streaming join social com live conference
social_media,popular near you meetup see which video social com posts photo123 comments great insight disable notifications social com settings
social_media,new friend request from mike chen group tech enthusiasts invited you rsvp platform com events workshop
social_media,birthday reminder 45 friends tomorrow view profile social com profile john123 accept reject social com friends pending
social_media,mike chen mentioned you in a comment beach vacation with family view album platform com memories beach
social_media,new event product launch love this view social com notifications reply or disable platform com notifications
social_media,birthday reminder 8 friends this week group book club invited you rsvp social com events meetup
social_media,memories from this week in 2018 video from tokyo received 156 likes and 67 comments see insights social com insights post123
social_media,live alert tech conference behind the scenes group photography group invited you rsvp platform com events workshop
social_media,new event webinar mike anyone free this weekend david amazing post reply platform com messages group
social_media,watch later recommended post story from tokyo received 234 likes and 12 comments see insights platform com analytics content
social_media,10th anniversary on instagram 23 friends checked in at central perk see photos and menu social com places cafe
social_media,15 new messages in photography group chat see which story social com posts photo123 comments so inspiring disable notifications platform com notifications
social_media,live alert workshop behind the scenes college reunion photos view album social com albums vacation2018
social_media,group poll favorite os vote in dev community social com polls os poll
social_media,virtual archaeology dig mesopotamian site crowdsource artifact classification join digitalarchaeology org dig mesopotamia academic credits
social_media,event invitation meetup sep 15 view profile platform com users sarah accept reject social com friends pending
social_media,event invitation webinar aug 25 great insight view social com notifications reply or disable platform com notifications
social_media,1st anniversary on twitter 15 friends checked in at downtown cafe see photos and menu platform com locations venue
social_media,event invitation workshop aug 25 love this view social com events event456 reply or disable platform com notifications
social_media,23 new messages in tech enthusiasts chat photo from sydney received 875 likes and 67 comments see insights platform com analytics content
social_media,news mike chen started new position video from tokyo received 442 likes and 23 comments see insights social com insights post123
social_media,news from groups you follow see which photo platform com content video456 comments thanks for sharing disable notifications social com settings
social_media,event invitation webinar oct 10 view profile platform com users sarah accept reject platform com requests
social_media,your post is featured on foodchallenge group update hiking buddies posted post trending in startup founders favorite tech tools
social_media,nearby product launch today 6pm view profile platform com users sarah accept reject social com friends pending
social_media,10th anniversary on instagram great insight view social com notifications reply or disable social com settings
social_media,new event tech conference post from new york received 875 likes and 89 comments see insights platform com analytics content
social_media,watch later recommended video you were at grand canyon with alex view album social com albums vacation2018
social_media,3rd anniversary on twitter group hiking buddies invited you rsvp social com events meetup
social_media,new follower mike chen 15 friends checked in at tech hub see photos and menu social com places cafe
social_media,live now meetup keynote mike check this out lisa count me in reply platform com messages group
social_media,watch later recommended post group update photography group posted story trending in remote workers weekend plans
social_media,birthday reminder 12 friends this week group update book club posted video trending in startup founders best summer destination
social_media,new event workshop see which article platform com content video456 comments love this disable notifications platform com notifications
social_media,new follower david kim your group photography group is live streaming join platform com streaming event
social_media,david kim liked your story group update book club posted photo trending in digital artists weekend plans
social_media,your post is featured on workoutmotivation story from new york received 234 likes and 89 comments see insights social com insights post123
social_media,live now workshop keynote see which article platform com content video456 comments so inspiring disable notifications platform com notifications
social_media,birthday reminder 15 friends tomorrow your group book club is live streaming join social com live conference
social_media,new friend request from john smith group update tech enthusiasts posted post trending in startup founders best summer destination
social_media,watch later recommended story see which post social com posts photo123 comments so inspiring disable notifications social com settings
social_media,watch later recommended photo college reunion photos view album social com albums vacation2018
social_media,poll vote for favorite tech tools you were at grand canyon with alex view album platform com memories beach
social_media,memories from this week in 2021 great insight view social com events event456 reply or disable social com settings
social_media,birthday reminder 15 friends this week see which article platform com content video456 comments thanks for sharing disable notifications social com settings
social_media,live now meetup keynote article from paris received 156 likes and 12 comments see insights platform com analytics content
social_media,group milestone 10k members digital artists celebration post engage social com groups digital artists
social_media,nearby tech conference today 8pm group update book club posted story trending in startup founders best summer destination
social_media,1st anniversary on linkedin your group hiking buddies is live streaming join platform com streaming event
social_media,watch later recommended article view profile platform com users sarah accept reject platform com requests
social_media,john smith mentioned you in a comment beach vacation with family view album platform com memories beach
social_media,poll vote for best summer destination group hiking buddies invited you rsvp social com events meetup
social_media,new event workshop sarah great event today emily amazing post reply platform com messages group
social_media,watch later recommended article view profile platform com users sarah accept reject social com friends pending
social_media,event tomorrow networking mixer tech professionals nyc at 6pm who s going social com events tech mixer guests
social_media,5th anniversary on social platform your group photography group is live streaming join platform com streaming event
social_media,new follower david kim post from paris received 875 likes and 44 comments see insights social com insights post123
social_media,live alert meetup behind the scenes video from new york received 156 likes and 89 comments see insights platform com analytics content
social_media,david kim mentioned you in a comment college reunion photos view album social com albums vacation2018
social_media,event invitation tech conference aug 25 you were at grand canyon with alex view album social com albums vacation2018
social_media,live alert webinar behind the scenes mike anyone free this weekend lisa weather looks great reply platform com messages group
social_media,david kim mentioned you in a comment group update hiking buddies posted post trending in remote workers favorite tech tools
social_media,your post got 12 new reactions view profile platform com users sarah accept reject platform com requests
social_media,digital heritage language preservation endangered dialects chatbot training contribute languagelegacy ai speech samples
social_media,your post got 8 new reactions group photography group invited you rsvp platform com events workshop
social_media,mike chen mentioned you in a comment group update tech enthusiasts posted story trending in remote workers weekend plans
social_media,new follower sarah johnson group update hiking buddies posted video trending in remote workers weekend plans
social_media,new friend request from mike chen sarah check this out emily weather looks great reply social com chats hiking
social_media,new follower mike chen sarah anyone free this weekend david count me in reply platform com messages group
social_media,memories from this week in 2020 group update tech enthusiasts posted photo trending in digital artists best summer destination
social_media,live now webinar keynote love this view social com notifications reply or disable platform com notifications
social_media,live now webinar keynote 45 friends checked in at downtown cafe see photos and menu social com places cafe
social_media,poll vote for best summer destination group hiking buddies invited you rsvp platform com events workshop
social_media,nearby webinar today 8pm 45 friends checked in at central perk see photos and menu social com places cafe
social_media,nearby webinar today 5pm view profile social com profile john123 accept reject social com friends pending
social_media,your post is featured on techtips group tech enthusiasts invited you rsvp platform com events workshop
social_media,post featured in digest remote work tips in weekly top 10 view social com digest weekly 887
social_media,your post is featured on foodchallenge love this view social com profile user123 reply or disable platform com notifications
social_media,your post got 12 new reactions video from new york received 234 likes and 12 comments see insights platform com analytics content
social_media,new follower sarah johnson beach vacation with family view album platform com memories beach
social_media,nearby product launch today 9am see which photo platform com content video456 comments great insight disable notifications platform com notifications
social_media,news lisa rodriguez started new position group tech enthusiasts invited you rsvp social com events meetup
social_media,15 new messages in book club chat college reunion photos view album social com albums vacation2018
social_media,john smith liked your post 15 friends checked in at central perk see photos and menu platform com locations venue
social_media,live alert product launch behind the scenes beach vacation with family view album platform com memories beach
social_media,john smith mentioned you in a comment your group book club is live streaming join platform com streaming event
social_media,new friend request from sarah johnson view profile platform com users sarah accept reject platform com requests
social_media,nearby workshop today 7pm group hiking buddies invited you rsvp social com events meetup
social_media,nearby webinar today 8pm 8 friends checked in at central perk see photos and menu social com places cafe
social_media,new friend request from john smith group update hiking buddies posted article trending in startup founders favorite tech tools
social_media,new friend request from david kim see which story platform com content video456 comments great insight disable notifications social com settings
social_media,david kim liked your article beach vacation with family view album platform com memories beach
social_media,mike chen mentioned you in a comment post from paris received 234 likes and 67 comments see insights social com insights post123
social_media,watch later recommended article great insight view social com events event456 reply or disable social com settings
social_media,birthday reminder 45 friends tomorrow group update book club posted article trending in startup founders weekend plans
social_media,mike chen mentioned you in a comment your group hiking buddies is live streaming join platform com streaming event
social_media,watch later recommended photo group update tech enthusiasts posted video trending in digital artists favorite tech tools
social_media,live now product demo brand z streaming new gadget watch social com live product launch
social_media,3rd anniversary on linkedin group update tech enthusiasts posted story trending in startup founders favorite tech tools
social_media,nearby meetup today 7pm see which video platform com content video456 comments great insight disable notifications social com settings
social_media,memories from this week in 2019 see which post platform com content video456 comments thanks for sharing disable notifications social com settings
social_media,live alert product launch behind the scenes your group photography group is live streaming join social com live conference
social_media,sarah johnson mentioned you in a comment view profile social com profile john123 accept reject social com friends pending
social_media,45 new messages in photography group chat alex great event today lisa weather looks great reply social com chats hiking
social_media,popular near you tech conference sarah check this out lisa amazing post reply platform com messages group
social_media,david kim mentioned you in a comment 12 friends checked in at downtown cafe see photos and menu platform com locations venue
social_media,poll vote for best summer destination view profile social com profile john123 accept reject platform com requests
social_media,mike chen mentioned you in a comment group update hiking buddies posted article trending in remote workers best summer destination
social_media,watch later recommended photo story from tokyo received 678 likes and 67 comments see insights platform com analytics content
social_media,poll vote for favorite tech tools 8 friends checked in at central perk see photos and menu social com places cafe
social_media,new follower john smith alex anyone free this weekend emily count me in reply platform com messages group
social_media,your post is featured on techtips sarah anyone free this weekend david count me in reply platform com messages group
social_media,birthday reminder 15 friends next week college reunion photos view album platform com memories beach
social_media,new event workshop group update tech enthusiasts posted post trending in startup founders best summer destination
social_media,your post is featured on foodchallenge your group tech enthusiasts is live streaming join platform com streaming event
social_media,event invitation webinar oct 10 group tech enthusiasts invited you rsvp social com events meetup
social_media,watch later recommended video group tech enthusiasts invited you rsvp platform com events workshop
social_media,memories from this week in 2022 your group tech enthusiasts is live streaming join social com live conference
social_media,new event product launch view profile social com profile john123 accept reject platform com requests
social_media,new event webinar group photography group invited you rsvp platform com events workshop
social_media,nearby webinar today 5pm your group hiking buddies is live streaming join platform com streaming event
social_media,news mike chen started new position group update tech enthusiasts posted story trending in startup founders favorite tech tools
social_media,david kim mentioned you in a comment group update book club posted photo trending in remote workers favorite tech tools
social_media,12 new messages in book club chat video from london received 875 likes and 44 comments see insights social com insights post123
social_media,15 new messages in photography group chat sarah check this out david amazing post reply social com chats hiking
social_media,memories from this week in 2019 12 friends checked in at downtown cafe see photos and menu social com places cafe
social_media,live now tech conference keynote view profile social com profile john123 accept reject platform com requests
social_media,lisa rodriguez mentioned you in a comment video from paris received 678 likes and 89 comments see insights platform com analytics content
social_media,watch later recommended cooking demo 10 min desserts saved for you based on interests watch social com videos cooking demo 24
social_media,10th anniversary on twitter your group book club is live streaming join platform com streaming event
social_media,live alert tech conference behind the scenes view profile social com profile john123 accept reject platform com requests
social_media,new follower lisa rodriguez group book club invited you rsvp platform com events workshop
social_media,your post got 45 new reactions your group book club is live streaming join social com live conference
social_media,memories from this week in 2020 group update tech enthusiasts posted story trending in remote workers best summer destination
social_media,new friend request from lisa rodriguez your group book club is live streaming join social com live conference
social_media,new follower sarah johnson alex anyone free this weekend lisa weather looks great reply platform com messages group
social_media,poll vote for favorite tech tools group update tech enthusiasts posted video trending in startup founders favorite tech tools
social_media,your post got 45 new reactions mike anyone free this weekend emily count me in reply social com chats hiking
social_media,news from groups you follow view profile platform com users sarah accept reject social com friends pending
social_media,new follower david kim see which story social com posts photo123 comments so inspiring disable notifications social com settings
social_media,new event webinar alex great event today emily weather looks great reply social com chats hiking
social_media,sarah johnson liked your video view profile social com profile john123 accept reject social com friends pending
social_media,event invitation workshop oct 10 45 friends checked in at downtown cafe see photos and menu platform com locations venue
social_media,birthday reminder 23 friends next week see which article social com posts photo123 comments great insight disable notifications social com settings
social_media,news john smith started new position your group photography group is live streaming join platform com streaming event
social_media,social crowd mapping earthquake risk vulnerable structure identification app communityresilience maps requires survey training
social_media,live interview series tech innovators next episode with ar startup founder social com live tech innovators submit questions for priority consideration episode available as podcast after broadcast
social_media,new follower david kim group update tech enthusiasts posted article trending in startup founders best summer destination
social_media,news lisa rodriguez started new position 12 friends checked in at central perk see photos and menu social com places cafe
social_media,david lee shared your post great insight shared with 300 connections view social com notifications post882
social_media,watch later recommended video group update book club posted post trending in startup founders weekend plans
social_media,event invitation workshop aug 25 thanks for sharing view social com events event456 reply or disable social com settings
social_media,comment thread update design critique 12 new replies to your design concept post conversation social com threads design critique 7788 notable feedback from industry leaders highlighted
social_media,digital art gallery submit generative pieces code to canvas exhibition curator access nftgallerysubmissions art open call cc24 file format guidelines
social_media,popular near you tech conference view profile social com profile john123 accept reject social com friends pending
social_media,watch later recommended photo you were at grand canyon with alex view album social com albums vacation2018
social_media,event invitation meetup sep 15 mike check this out emily weather looks great reply social com chats hiking
social_media,popular near you tech conference 12 friends checked in at downtown cafe see photos and menu platform com locations venue
social_media,watch later recommended photo great insight view social com events event456 reply or disable platform com notifications
social_media,david kim liked your video sarah check this out lisa count me in reply social com chats hiking
social_media,news from groups you follow see which article social com posts photo123 comments love this disable notifications platform com notifications
social_media,friendiversary celebration 10 years connected with michael chen in september 2014 memory collage generated social com friends anniversary michael chen share your favorite moments together
social_media,memories from this week in 2021 see which video platform com content video456 comments great insight disable notifications platform com notifications
social_media,45 new messages in hiking buddies chat see which article social com posts photo123 comments so inspiring disable notifications platform com notifications
social_media,event invitation meetup aug 25 your group photography group is live streaming join social com live conference
social_media,new friend request from mike chen mike great event today emily amazing post reply platform com messages group
social_media,live shopping event limited edition sneakers exclusive colorway release with designer q a social com live sneaker drop early access for followers with special promo code limited to 500 pairs worldwide
social_media,news from groups you follow 15 friends checked in at downtown cafe see photos and menu social com places cafe
social_media,new friend request from lisa rodriguez photo from paris received 156 likes and 23 comments see insights platform com analytics content
social_media,live alert workshop behind the scenes video from london received 442 likes and 44 comments see insights platform com analytics content
social_media,new friend request from mike chen your group tech enthusiasts is live streaming join platform com streaming event
social_media,your post is featured on foodchallenge group update hiking buddies posted story trending in remote workers best summer destination
social_media,live now workshop keynote alex anyone free this weekend lisa count me in reply social com chats hiking
social_media,john smith mentioned you in a comment group update tech enthusiasts posted photo trending in remote workers best summer destination
social_media,nearby webinar today 5pm group tech enthusiasts invited you rsvp social com events meetup
social_media,10th anniversary on twitter so inspiring view social com events event456 reply or disable platform com notifications
social_media,new follower suggestion industry peers you may know browse social com connect suggestions
social_media,john smith liked your story group update tech enthusiasts posted story trending in remote workers weekend plans
social_media,news from groups you follow see which article social com posts photo123 comments thanks for sharing disable notifications social com settings
social_media,poll vote for favorite tech tools view profile social com profile john123 accept reject social com friends pending
social_media,new event workshop sarah anyone free this weekend emily weather looks great reply platform com messages group
social_media,event invitation workshop oct 10 view profile platform com users sarah accept reject platform com requests
social_media,your post got 8 new reactions great insight view social com notifications reply or disable social com settings
social_media,event invitation tech conference sep 15 group tech enthusiasts invited you rsvp platform com events workshop
social_media,poll vote for favorite tech tools view profile platform com users sarah accept reject platform com requests
social_media,new follower sarah johnson thanks for sharing view social com events event456 reply or disable social com settings
social_media,live now webinar keynote group book club invited you rsvp platform com events workshop
social_media,john smith liked your story thanks for sharing view social com events event456 reply or disable social com settings
social_media,your post is featured on traveldiaries view profile platform com users sarah accept reject social com friends pending
social_media,new friend request from david kim see which post platform com content video456 comments so inspiring disable notifications social com settings
social_media,45 new messages in hiking buddies chat group hiking buddies invited you rsvp platform com events workshop
social_media,news from groups you follow view profile social com profile john123 accept reject platform com requests
social_media,23 new messages in tech enthusiasts chat sarah great event today david weather looks great reply platform com messages group
social_media,your post is featured on techtips sarah check this out david weather looks great reply social com chats hiking
social_media,new follower lisa rodriguez group update book club posted photo trending in startup founders best summer destination
social_media,5th anniversary on social platform group photography group invited you rsvp platform com events workshop
social_media,john smith mentioned you in a comment so inspiring view social com profile user123 reply or disable platform com notifications
social_media,news from groups you follow group tech enthusiasts invited you rsvp platform com events workshop
social_media,your post is featured on foodchallenge post from london received 678 likes and 67 comments see insights social com insights post123
social_media,new sticker pack available summer vibes for messages get social com stickers summer pack
social_media,new friend request from lisa rodriguez 23 friends checked in at tech hub see photos and menu social com places cafe
social_media,david kim mentioned you in a comment 12 friends checked in at tech hub see photos and menu platform com locations venue
social_media,your post got 23 new reactions video from paris received 156 likes and 23 comments see insights platform com analytics content
social_media,audio documentary contribute city sounds urban echoes project needs field recordings upload openears soundscape city sound submit audio standards pdf
social_media,lisa rodriguez mentioned you in a comment view profile platform com users sarah accept reject platform com requests
social_media,23 new messages in tech enthusiasts chat beach vacation with family view album social com albums vacation2018
social_media,45 new messages in tech enthusiasts chat group update photography group posted video trending in remote workers weekend plans
social_media,poll vote for favorite tech tools group update hiking buddies posted article trending in digital artists best summer destination
social_media,your post is featured on foodchallenge college reunion photos view album social com albums vacation2018
social_media,mike chen liked your article sarah check this out david weather looks great reply social com chats hiking
social_media,new follower john smith 45 friends checked in at downtown cafe see photos and menu social com places cafe
social_media,event invitation webinar oct 10 group tech enthusiasts invited you rsvp platform com events workshop
social_media,live now workshop keynote your group book club is live streaming join platform com streaming event
social_media,your post is featured on techtips your group book club is live streaming join social com live conference
social_media,popular near you meetup so inspiring view social com notifications reply or disable platform com notifications
social_media,memories from this week in 2018 view profile social com profile john123 accept reject platform com requests
social_media,new friend request from sarah johnson see which video platform com content video456 comments thanks for sharing disable notifications social com settings
social_media,your post is featured on techtips post from new york received 442 likes and 44 comments see insights platform com analytics content
social_media,citizen science urban wildlife tracker upload street camera animal sightings platform citywild app geo tagged images only
social_media,nearby webinar today 6pm view profile platform com users sarah accept reject platform com requests
social_media,birthday reminder 15 friends next week view profile platform com users sarah accept reject platform com requests
social_media,birthday reminder 12 friends today group book club invited you rsvp platform com events workshop
social_media,news from groups you follow group update photography group posted post trending in digital artists favorite tech tools
social_media,watch later recommended article you were at grand canyon with alex view album platform com memories beach
social_media,post shared by influencer your recipe shared to 50k followers track social com shares recipe 887
social_media,memories from this week in 2018 see which story platform com content video456 comments thanks for sharing disable notifications social com settings
social_media,group discussion ai ethics debate new thread in tech ethics forum with 85 comments join conversation social com groups ai ethics thread 3344 weekly digest option available for active discussions
social_media,news from groups you follow 8 friends checked in at downtown cafe see photos and menu platform com locations venue
social_media,lisa rodriguez mentioned you in a comment see which photo social com posts photo123 comments great insight disable notifications social com settings
social_media,memories from this week in 2021 see which post social com posts photo123 comments so inspiring disable notifications social com settings
social_media,new follower mike chen your group photography group is live streaming join social com live conference
social_media,watch later recommended photo group update tech enthusiasts posted post trending in digital artists weekend plans
social_media,45 new messages in tech enthusiasts chat love this view social com notifications reply or disable platform com notifications
social_media,5th anniversary on social platform 8 friends checked in at tech hub see photos and menu social com places cafe
social_media,birthday reminder 8 friends this week see which article social com posts photo123 comments thanks for sharing disable notifications platform com notifications
social_media,new follower sarah johnson so inspiring view social com profile user123 reply or disable social com settings
social_media,sarah johnson liked your video group update book club posted photo trending in digital artists favorite tech tools
social_media,new follower david kim group hiking buddies invited you rsvp social com events meetup
social_media,10th anniversary on social platform 12 friends checked in at tech hub see photos and menu social com places cafe
social_media,popular near you product launch view profile platform com users sarah accept reject social com friends pending
social_media,event invitation workshop oct 10 group update photography group posted story trending in startup founders best summer destination
social_media,event invitation tech conference sep 15 your group photography group is live streaming join social com live conference
social_media,digital pain management visualization chronic pain tracking vr environment beta test pain visualization app medical oversight
social_media,mike chen liked your video your group book club is live streaming join platform com streaming event
social_media,event invitation meetup oct 10 8 friends checked in at tech hub see photos and menu platform com locations venue
social_media,new event tech conference beach vacation with family view album platform com memories beach
social_media,event invitation webinar sep 15 see which story social com posts photo123 comments love this disable notifications platform com notifications
social_media,8 new messages in photography group chat 23 friends checked in at central perk see photos and menu platform com locations venue
social_media,popular posts in your network trending traveltips and careeradvice explore social com explore trending
social_media,your post got 15 new reactions thanks for sharing view social com profile user123 reply or disable platform com notifications
social_media,nearby meetup today 8pm sarah check this out emily count me in reply social com chats hiking
social_media,your post got 45 new reactions beach vacation with family view album social com albums vacation2018
social_media,memories from this week in 2021 45 friends checked in at central perk see photos and menu platform com locations venue
social_media,memories from this week in 2018 group update book club posted story trending in startup founders best summer destination
social_media,your post is featured on workoutmotivation view profile social com profile john123 accept reject platform com requests
social_media,new follower lisa rodriguez video from tokyo received 234 likes and 12 comments see insights platform com analytics content
social_media,watch later recommended photo story from new york received 678 likes and 89 comments see insights social com insights post123
social_media,new event workshop group update book club posted story trending in remote workers weekend plans
social_media,3rd anniversary on social platform alex check this out emily count me in reply platform com messages group
social_media,event invitation meetup oct 10 group update photography group posted post trending in remote workers best summer destination
social_media,poll vote for weekend plans group update book club posted photo trending in startup founders weekend plans
social_media,3rd anniversary on twitter see which photo social com posts photo123 comments love this disable notifications platform com notifications
social_media,watch later recommended post group photography group invited you rsvp platform com events workshop
social_media,mike chen liked your story mike anyone free this weekend david weather looks great reply social com chats hiking
social_media,your post got 45 new reactions group book club invited you rsvp platform com events workshop
social_media,live now tech conference keynote sarah anyone free this weekend david count me in reply social com chats hiking
social_media,1st anniversary on linkedin your group photography group is live streaming join platform com streaming event
social_media,nearby product launch today 8pm group tech enthusiasts invited you rsvp social com events meetup
social_media,live now tech conference keynote view profile platform com users sarah accept reject social com friends pending
social_media,news john smith started new position beach vacation with family view album social com albums vacation2018
social_media,lisa chen liked your photo see which photo social com posts ph123 comments great shot disable notifications social com settings
social_media,popular near you product launch see which article platform com content video456 comments so inspiring disable notifications social com settings
social_media,new friend request from sarah johnson group book club invited you rsvp platform com events workshop
social_media,your post is featured on traveldiaries 12 friends checked in at downtown cafe see photos and menu social com places cafe
social_media,3rd anniversary on linkedin view profile platform com users sarah accept reject social com friends pending
social_media,group event online workshop python for beginners sep 5 rsvp social com events python workshop
social_media,news john smith started new position 15 friends checked in at downtown cafe see photos and menu platform com locations venue
social_media,new follower sarah johnson your group hiking buddies is live streaming join social com live conference
social_media,1st anniversary on instagram mike great event today emily weather looks great reply social com chats hiking
social_media,birthday reminder 8 friends this week video from sydney received 442 likes and 67 comments see insights social com insights post123
social_media,social vr therapy room host training mental health facilitation certification apply vrtherapy space requires psychology background
social_media,mike chen mentioned you in a comment group tech enthusiasts invited you rsvp social com events meetup
social_media,virtual crime scene investigation forensic evidence crowdsourcing platform csitraingame pro requires leo credentials
social_media,nearby webinar today 5pm group update tech enthusiasts posted video trending in startup founders best summer destination
social_media,live alert product launch behind the scenes post from tokyo received 442 likes and 12 comments see insights platform com analytics content
social_media,digital twin emotional model project avatar emotional responsiveness research apply virtual humans ai requires motion capture
social_media,sarah johnson mentioned you in a comment post from new york received 678 likes and 89 comments see insights social com insights post123
social_media,new follower lisa rodriguez article from sydney received 875 likes and 23 comments see insights platform com analytics content
social_media,popular near you workshop see which post social com posts photo123 comments love this disable notifications social com settings
social_media,popular near you workshop story from paris received 875 likes and 12 comments see insights platform com analytics content
social_media,new friend request from lisa rodriguez 12 friends checked in at tech hub see photos and menu social com places cafe
social_media,watch later recommended article group update tech enthusiasts posted post trending in remote workers best summer destination
social_media,your post is featured on traveldiaries group tech enthusiasts invited you rsvp platform com events workshop
social_media,live alert meetup behind the scenes sarah anyone free this weekend david weather looks great reply social com chats hiking
social_media,new friend request from john smith view profile platform com users sarah accept reject social com friends pending
social_media,new audio room future of web3 live now with crypto experts join conversation socialapp com live web3 future room 382
social_media,popular near you workshop see which story social com posts photo123 comments love this disable notifications platform com notifications
social_media,news david kim started new position 23 friends checked in at tech hub see photos and menu platform com locations venue
social_media,poll vote for best summer destination 45 friends checked in at central perk see photos and menu platform com locations venue
social_media,john smith liked your story love this view social com profile user123 reply or disable platform com notifications
social_media,15 new messages in tech enthusiasts chat see which article platform com content video456 comments thanks for sharing disable notifications social com settings
social_media,poll vote for best summer destination 8 friends checked in at tech hub see photos and menu platform com locations venue
social_media,live alert webinar behind the scenes view profile social com profile john123 accept reject social com friends pending
social_media,neuralink beta test apply for interface trials bcis for creative applications application neurolink com beta program nda required medical pre screening
social_media,news from groups you follow see which story platform com content video456 comments so inspiring disable notifications social com settings
social_media,event invitation tech conference oct 10 view profile platform com users sarah accept reject platform com requests
social_media,anonymous music collaboration track 83 contribute stems to open source composition access openmusic collab track83 bpm 112 key gm
social_media,birthday reminder 23 friends today article from new york received 234 likes and 89 comments see insights platform com analytics content
social_media,live alert tech conference behind the scenes great insight view social com profile user123 reply or disable social com settings
social_media,instagram reels masterclass hollywood director exclusive for followers live q a 9 5 4pm pt instagram com live creator345 limited virtual seats
social_media,45 new messages in photography group chat view profile platform com users sarah accept reject platform com requests
social_media,watch later recommended story photo from new york received 442 likes and 23 comments see insights platform com analytics content
social_media,new follower david kim so inspiring view social com notifications reply or disable social com settings
social_media,news lisa rodriguez started new position your group hiking buddies is live streaming join platform com streaming event
social_media,your post is featured on workoutmotivation group update book club posted video trending in remote workers weekend plans
social_media,3rd anniversary on linkedin great insight view social com profile user123 reply or disable social com settings
social_media,poll vote for weekend plans group update hiking buddies posted article trending in startup founders best summer destination
social_media,live alert product launch behind the scenes you were at grand canyon with alex view album social com albums vacation2018
social_media,nearby tech conference today 5pm so inspiring view social com notifications reply or disable social com settings
social_media,new follower lisa rodriguez view profile social com profile john123 accept reject social com friends pending
social_media,new event webinar photo from sydney received 442 likes and 12 comments see insights social com insights post123
social_media,live alert concert behind the scenes artist you follow taylor swift started live video join now social app live taylor on tour
social_media,event invitation workshop aug 25 group update book club posted article trending in remote workers favorite tech tools
social_media,birthday reminder 8 friends today sarah check this out david count me in reply platform com messages group
social_media,popular near you meetup photo from sydney received 442 likes and 23 comments see insights social com insights post123
social_media,event photos music festival tagged in 3 photos review social com events festival 2024 photos
social_media,nearby tech conference today 8pm so inspiring view social com notifications reply or disable platform com notifications
social_media,memories from this week in 2018 alex great event today emily weather looks great reply platform com messages group
social_media,23 new messages in tech enthusiasts chat alex great event today emily weather looks great reply social com chats hiking
social_media,your post got 15 new reactions view profile social com profile john123 accept reject platform com requests
social_media,social platform api challenge innovation prize build novel features using our api 25k prizes apichallenges socialhackathon com devportal required
social_media,new friend request from sarah johnson mike anyone free this weekend david count me in reply platform com messages group
social_media,john smith mentioned you in a comment view profile platform com users sarah accept reject social com friends pending
social_media,new event webinar college reunion photos view album social com albums vacation2018
social_media,new follower john smith sarah anyone free this weekend david amazing post reply social com chats hiking
social_media,nearby tech conference today 6pm view profile platform com users sarah accept reject platform com requests
social_media,popular near you tech conference view profile platform com users sarah accept reject social com friends pending
social_media,sarah johnson mentioned you in a comment beach vacation with family view album platform com memories beach
social_media,birthday reminder 15 friends tomorrow see which story platform com content video456 comments so inspiring disable notifications platform com notifications
social_media,news john smith started new position your group hiking buddies is live streaming join platform com streaming event
social_media,watch later recommended story college reunion photos view album platform com memories beach
social_media,live alert tech conference behind the scenes 12 friends checked in at central perk see photos and menu platform com locations venue
social_media,3rd anniversary on twitter photo from sydney received 442 likes and 12 comments see insights platform com analytics content
social_media,8 new messages in photography group chat great insight view social com events event456 reply or disable platform com notifications
social_media,new friend request from mike chen you were at grand canyon with alex view album platform com memories beach
social_media,new follower sarah johnson see which photo platform com content video456 comments love this disable notifications social com settings
social_media,mike chen liked your video view profile social com profile john123 accept reject social com friends pending
social_media,your post got 23 new reactions your group book club is live streaming join social com live conference
social_media,watch later recommended article story from sydney received 678 likes and 23 comments see insights social com insights post123
social_media,mike chen mentioned you in a comment see which photo social com posts photo123 comments great insight disable notifications social com settings
social_media,poll vote for best summer destination so inspiring view social com profile user123 reply or disable platform com notifications
social_media,birthday reminder 23 friends tomorrow college reunion photos view album platform com memories beach
social_media,new follower sarah johnson see which post social com posts photo123 comments great insight disable notifications platform com notifications
social_media,your post is featured on foodchallenge group hiking buddies invited you rsvp social com events meetup
social_media,memory from 2 years ago office holiday party 12 photos relive social com memories 2022 12 15
social_media,new friend request from david kim thanks for sharing view social com profile user123 reply or disable platform com notifications
social_media,news from groups you follow mike check this out david weather looks great reply social com chats hiking
social_media,content amplification industry leader share your leadership article reshared by ceo network account social com shares article 7788 current reach 85k with 2 4k engagements follower growth analytics available
social_media,news from groups you follow group book club invited you rsvp social com events meetup
social_media,dream interpretation ai model training share anonymous dream logs dataset dreamarchive ai language models updated
social_media,news lisa rodriguez started new position beach vacation with family view album social com albums vacation2018
social_media,news david kim started new position group update hiking buddies posted video trending in digital artists weekend plans
social_media,new friend request from mike chen sarah great event today david count me in reply platform com messages group
social_media,your post is featured on traveldiaries group book club invited you rsvp social com events meetup
social_media,new follower sarah johnson your group tech enthusiasts is live streaming join platform com streaming event
social_media,nearby workshop today 7pm alex great event today emily amazing post reply platform com messages group
social_media,poll vote for favorite tech tools view profile social com profile john123 accept reject platform com requests
social_media,live now product launch keynote see which photo platform com content video456 comments love this disable notifications platform com notifications
social_media,new follower sarah johnson article from london received 875 likes and 44 comments see insights platform com analytics content
social_media,memories from this week in 2019 you were at grand canyon with alex view album social com albums vacation2018
social_media,15 new messages in book club chat your group photography group is live streaming join platform com streaming event
social_media,new follower david kim see which article social com posts photo123 comments thanks for sharing disable notifications social com settings
social_media,your post is featured on workoutmotivation mike great event today lisa count me in reply social com chats hiking
social_media,watch later recommended article see which story platform com content video456 comments thanks for sharing disable notifications platform com notifications
social_media,live now meetup keynote beach vacation with family view album social com albums vacation2018
social_media,poll vote for favorite tech tools college reunion photos view album social com albums vacation2018
social_media,memories from this week in 2020 group update photography group posted article trending in digital artists best summer destination
social_media,john smith mentioned you in a comment your group book club is live streaming join social com live conference
social_media,event invitation tech conference sep 15 see which story platform com content video456 comments thanks for sharing disable notifications platform com notifications
social_media,1st anniversary on linkedin college reunion photos view album platform com memories beach
social_media,new friend request from sarah johnson 15 friends checked in at central perk see photos and menu social com places cafe
social_media,live alert product launch behind the scenes sarah anyone free this weekend david amazing post reply platform com messages group
social_media,12 new messages in photography group chat group hiking buddies invited you rsvp platform com events workshop
social_media,news lisa rodriguez started new position 15 friends checked in at central perk see photos and menu social com places cafe
social_media,new follower sarah johnson 12 friends checked in at downtown cafe see photos and menu social com places cafe
social_media,15 new messages in hiking buddies chat see which photo platform com content video456 comments so inspiring disable notifications platform com notifications
social_media,memories from this week in 2018 45 friends checked in at tech hub see photos and menu social com places cafe
social_media,news from groups you follow view profile platform com users sarah accept reject platform com requests
social_media,new follower mike chen your group tech enthusiasts is live streaming join platform com streaming event
social_media,new follower john smith your group book club is live streaming join platform com streaming event
social_media,watch later recommended post love this view social com notifications reply or disable social com settings
social_media,news john smith started new position see which post platform com content video456 comments great insight disable notifications social com settings
social_media,new event tech conference view profile platform com users sarah accept reject platform com requests
social_media,live alert workshop behind the scenes mike great event today david amazing post reply platform com messages group
social_media,nearby product launch today 7pm group update book club posted article trending in remote workers best summer destination
social_media,your post got 8 new reactions view profile platform com users sarah accept reject platform com requests
social_media,event invitation workshop oct 10 23 friends checked in at downtown cafe see photos and menu platform com locations venue
social_media,popular near you tech conference 15 friends checked in at central perk see photos and menu platform com locations venue
social_media,news mike chen started new position your group hiking buddies is live streaming join social com live conference
social_media,birthday reminder 8 friends tomorrow see which story social com posts photo123 comments great insight disable notifications platform com notifications
social_media,david kim mentioned you in a comment you were at grand canyon with alex view album platform com memories beach
social_media,podcast transcript annotation project help train ai models earn crypto crowdintel ai projects podcast annotate install chrome extension
social_media,memories from this week in 2019 great insight view social com events event456 reply or disable platform com notifications
social_media,live now meetup keynote you were at grand canyon with alex view album social com albums vacation2018
social_media,live alert product launch behind the scenes group book club invited you rsvp platform com events workshop
social_media,news from groups you follow your group book club is live streaming join social com live conference
social_media,news lisa rodriguez started new position you were at grand canyon with alex view album social com albums vacation2018
social_media,your post trending locally park renovation idea 120 shares analytics social com insights post 3344
social_media,memories from this week in 2018 view profile platform com users sarah accept reject platform com requests
social_media,15 new messages in book club chat your group hiking buddies is live streaming join platform com streaming event
social_media,your post is featured on foodchallenge group update book club posted story trending in startup founders best summer destination
social_media,poll vote for favorite tech tools group book club invited you rsvp platform com events workshop
social_media,viral post alert environmental campaign your climate change infographic shared 500 times engagement analytics social com insights post 7788 top shares by industry influencers identified sponsored boost options available
social_media,watch later recommended post group update photography group posted photo trending in digital artists favorite tech tools
social_media,esports talent scout network invitation pro team recruitment access sign esports scouting io performance metrics submission
social_media,new event webinar photo from paris received 156 likes and 12 comments see insights social com insights post123
social_media,1st anniversary on twitter group tech enthusiasts invited you rsvp platform com events workshop
social_media,your post is featured on traveldiaries alex check this out emily count me in reply platform com messages group
social_media,news david kim started new position mike check this out lisa weather looks great reply social com chats hiking
social_media,watch later recommended photo group update photography group posted article trending in remote workers weekend plans
social_media,news david kim started new position 15 friends checked in at tech hub see photos and menu platform com locations venue
social_media,new follower sarah johnson your group book club is live streaming join platform com streaming event
social_media,new friend request from sarah johnson 12 friends checked in at downtown cafe see photos and menu platform com locations venue
social_media,nearby tech conference today 6pm 8 friends checked in at downtown cafe see photos and menu platform com locations venue
social_media,memories from this week in 2022 12 friends checked in at central perk see photos and menu platform com locations venue
social_media,news john smith started new position group update photography group posted photo trending in startup founders favorite tech tools
social_media,poll vote for favorite tech tools your group book club is live streaming join social com live conference
social_media,news from groups you follow 15 friends checked in at central perk see photos and menu platform com locations venue
social_media,live now meetup keynote your group book club is live streaming join social com live conference
social_media,poll vote for favorite tech tools see which article platform com content video456 comments thanks for sharing disable notifications platform com notifications
social_media,birthday reminder 12 friends tomorrow group update tech enthusiasts posted video trending in startup founders favorite tech tools
social_media,group rule update no self promotion freelancers hub policy change review social com groups freelancers rules
social_media,news from groups you follow group update hiking buddies posted story trending in digital artists best summer destination
social_media,news from groups you follow group photography group invited you rsvp platform com events workshop
social_media,your post is featured on techtips 15 friends checked in at tech hub see photos and menu social com places cafe
social_media,poll vote for weekend plans photo from paris received 156 likes and 44 comments see insights social com insights post123
social_media,nearby webinar today 6pm 12 friends checked in at downtown cafe see photos and menu platform com locations venue
social_media,shared memory office party sam tagged you in video watch social com memories office party
social_media,news from groups you follow your group photography group is live streaming join social com live conference
social_media,nearby product launch today 8pm beach vacation with family view album social com albums vacation2018
social_media,live alert workshop behind the scenes photo from tokyo received 156 likes and 67 comments see insights social com insights post123
social_media,david kim mentioned you in a comment alex great event today lisa weather looks great reply social com chats hiking
social_media,10th anniversary on instagram mike great event today emily weather looks great reply social com chats hiking
social_media,lisa rodriguez liked your video view profile platform com users sarah accept reject social com friends pending
social_media,live now tech conference keynote your group tech enthusiasts is live streaming join social com live conf12345
